﻿userid,messageid,message,updated_time,nchar,q1,q2,q3,q4,q5,SWL_taken,SWL,gender,age,relationship_status,interested_in,network_size
013e43ae20d2d1dc599f1e7f7fd9f768,4423285,"Antico is hands down, the best pizza place in Atlanta. It's my family's favorite pizza restaurant to eat at and we come here every time my brother and I are back in town. I've had the Margherita and the Sophia and they are both delicious. I judge a pizza place by their Margherita because it's a simple pizza that should be done right and Antico did a great job with the Margherita. The Sophia, which is bufala, cipollini onions, roasted mushrooms, and white truffle oil, has a ton of flavor and is a great pizza for vegetarians. 



I've also been to the Alpharetta location and I thought it was just as good. The Avalon is a fun area to walk around, so I think it's a great location for the restaurant.",6/30/2010 17:42,0,1,2,3,4,3,6/13/2010,5,0,30,1,2,86
013e43ae20d2d1dc599f1e7f7fd9f768,2293607,"Best pizza I have ever had, period. We got the lasagna pizza, the spinach/brocolli pizza, and a pepperoni with peppers pizza (I don't remember the actual unique names they give them). They all were absolutely delicious, the pizza is of true Italian origin. Light sauce, cheese is spread out not just thrown all over the pizza, same goes for the other toppings. Crust was amazing, it's baked in a wood oven so the slight smoked charcoal taste on the crust was absolutely amazing. 



The atmosphere is great, it definitely has the small pizzeria feel too it. It can get busy and you might end up without a place to sit, the place is small so it can get loud when it's busy. 



Price, this is where I take off one star. It is expensive!!! The pizza is really good like I said, but does $24+ a pizza warrant that, i'm not so sure it does. The ingredients are fresh, but I don't think they throw $20+ worth of it on the pizza. 



Would I go back? Yes, but only if it's a work outing and the company is paying, cause if you get two pizzas you're looking at $50! Ah! The pizza is absolutely delicious though, if you haven't been, go and splurge at least one here.",1/18/2010 16:44,0,1,2,3,4,3,6/13/2010,5,0,30,1,2,86
013e43ae20d2d1dc599f1e7f7fd9f768,11495501,"Best pizza I've ever had. Been around the world, across Italy, from Rome to Naples, Amalfi, Capri San Marino, Pisa, Cinque Terre, Verona, Milan, Venice and more; and never and NOWHERE have we had pizza as good as Antico's. The quality of the ingredients, the dough, the toppings, the ambiance. I don't even really like pizza and I can't get enough of Antico. Free parking if you can find a spot. The line may be long, but it moves quickly. Service is fast. They have beer and wine. Eat your pizza anywhere-- inside, outside by Amalfi bar and gelato place across the street, on a stoop or in your car. 

--- you're welcome!",10/5/2010 12:49,0,1,2,3,4,3,6/13/2010,5,0,30,1,2,86
0142da7468f6292ffce8c10f13e4c682,4636641,"My first time here and ordered the Margherita pizza with pepperoni as well as the Sophia. We sat across the street at the cafe and the pizza was out in a flash it seemed! Atmosphere was fun and the patio was busy. I enjoyed the Margherita pizza but the Sophia was not my favorite. $27 for a pizza seems like a lot too. 



After pizza, I ordered gelato- Peanut Butter Cup. It was smooth and creamy, very good! Also ordered Caramel Cheesecake. The cheesecake was very dense and rich, only a few bites and we were done. 



We were a party of 4 and took home half a pizza and the cheesecake.",3/27/2010 16:36,0,1,2,3,6,2,6/2/2010,5,0,42,NA,2,39
01895aed1d41234a5f7ab49686d2dd02,17330008,"An authentic, hidden gem in Atlanta. This is my favorite pizza place! Why spend $20 on dominos when you can get this authentic Italian pizza for the same price?? 



Food: This pizza is rustic, wholesome and so satisfying. The San Gennaro is a classic if you like meat and a little spice. For something a little more mild, I love the Pomodorini. You truly cannot go wrong. 



Environment: So fast! Moments after sitting down you'll have your pizza. Order to-go or take a seat. There's extra seating in the back. Also hidden in the back by the kitchen you'll find fresh garlic, Parmesan, crushed red pepper, etc. They have drinks but you can also BYOB. 



Tip: After enjoying your pizza, be sure to walk across the street for some delicious gelato!!",11/9/2010 2:12,0,1,2,3,3,7,8/28/2010,5,1,NA,1,NA,NA
019ac5d57f3fd308444a0647c95fdab0,7504098,"Atmosphere: 4 stars = picnic table seating with full open kitchen views, BYOB and parking 



Service: 1 star = on a Monday around 4ish two cashiers are more interested in complaining about not being able to wear shorts to work than helping me translate the menu 



Food: 1 stars = Where do I begin? 

1- you cant pick out your toppings and are basically at the mercy of the menu...cant even split toppings 

2- pizza was bland and crust was burned 

3- mediocre at best 



Pros: veggies were fresh and pizza too hot 

Overall it was nice to try a new place but it wasn't worth $20 so I wont be back again",8/19/2010 21:31,0,1,2,3,5,3,11/7/2010,5,1,26,1,NA,144
019ac5d57f3fd308444a0647c95fdab0,487880,"The first time I've dined at Antico was back in 2009 as a college student. I remember feeling a tinge of jealousy that Georgia Tech kids get to party with authentic Neapolitan pizza, while the rest of us are stuck with your bland, run-of-the-mill delivery pizza. 



Many years have gone by, and I still remember this place fondly. Upon my most recent visit, I learned that 1) most of their pizza costs over $20, 2) they have expanded their dining area by opening up the kitchen, and 3) they don't have dry oregano sprigs and peperonata on the table for you to garnish your pizza with anymore. Simultaneously, I was ecstatic to see that Antico is still thriving and that their pizza is still excellent. The quality of the ingredients is superb: the sauce made using the San Marzano tomatoes is pleasantly acidic, the crust is perfectly charred, and the bufala mozzarella is creamy. If this doesn't make you salivate, I don't know what will. 



Although they offer various different pizzas, I only order Margheriat D.O.P. As the famous saying goes, less is more. If you can handle spice, I would recommend Diavola; the addition of soppressata and peperonata packs a punch and flavor. 



In my experience, it is absolutely the best to eat their pizza right out of the oven, piping hot. So I would recommend dining in, rather than doing a take-out. No matter the day, they are extremely busy. However, with the glorious Acunto Napoli brick ovens sitting in their kitchen, they are capable of popping out their pizza really quickly - so the wait won't be bad at all.",8/1/2009 23:24,0,1,2,3,5,3,11/7/2010,5,1,26,1,NA,144
013e43ae20d2d1dc599f1e7f7fd9f768,4423285,"Antico is hands down, the best pizza place in Atlanta. It's my family's favorite pizza restaurant to eat at and we come here every time my brother and I are back in town. I've had the Margherita and the Sophia and they are both delicious. I judge a pizza place by their Margherita because it's a simple pizza that should be done right and Antico did a great job with the Margherita. The Sophia, which is bufala, cipollini onions, roasted mushrooms, and white truffle oil, has a ton of flavor and is a great pizza for vegetarians.



I've also been to the Alpharetta location and I thought it was just as good. The Avalon is a fun area to walk around, so I think it's a great location for the restaurant.",6/30/2010 17:42,0,1,2,3,4,3,6/13/2010,5,0,30,1,2,86
013e43ae20d2d1dc599f1e7f7fd9f768,2293607,"Best pizza I have ever had, period. We got the lasagna pizza, the spinach/brocolli pizza, and a pepperoni with peppers pizza (I don't remember the actual unique names they give them). They all were absolutely delicious, the pizza is of true Italian origin. Light sauce, cheese is spread out not just thrown all over the pizza, same goes for the other toppings. Crust was amazing, it's baked in a wood oven so the slight smoked charcoal taste on the crust was absolutely amazing.



The atmosphere is great, it definitely has the small pizzeria feel too it. It can get busy and you might end up without a place to sit, the place is small so it can get loud when it's busy.



Price, this is where I take off one star. It is expensive!!! The pizza is really good like I said, but does $24+ a pizza warrant that, i'm not so sure it does. The ingredients are fresh, but I don't think they throw $20+ worth of it on the pizza.



Would I go back? Yes, but only if it's a work outing and the company is paying, cause if you get two pizzas you're looking at $50! Ah! The pizza is absolutely delicious though, if you haven't been, go and splurge at least one here.",1/18/2010 16:44,0,1,2,3,4,3,6/13/2010,5,0,30,1,2,86
013e43ae20d2d1dc599f1e7f7fd9f768,11495501,"Best pizza I've ever had. Been around the world, across Italy, from Rome to Naples, Amalfi, Capri San Marino, Pisa, Cinque Terre, Verona, Milan, Venice and more; and never and NOWHERE have we had pizza as good as Antico's. The quality of the ingredients, the dough, the toppings, the ambiance. I don't even really like pizza and I can't get enough of Antico. Free parking if you can find a spot. The line may be long, but it moves quickly. Service is fast. They have beer and wine. Eat your pizza anywhere-- inside, outside by Amalfi bar and gelato place across the street, on a stoop or in your car.

--- you're welcome!",10/5/2010 12:49,0,1,2,3,4,3,6/13/2010,5,0,30,1,2,86
0142da7468f6292ffce8c10f13e4c682,4636641,"My first time here and ordered the Margherita pizza with pepperoni as well as the Sophia. We sat across the street at the cafe and the pizza was out in a flash it seemed! Atmosphere was fun and the patio was busy. I enjoyed the Margherita pizza but the Sophia was not my favorite. $27 for a pizza seems like a lot too.



After pizza, I ordered gelato- Peanut Butter Cup. It was smooth and creamy, very good! Also ordered Caramel Cheesecake. The cheesecake was very dense and rich, only a few bites and we were done.



We were a party of 4 and took home half a pizza and the cheesecake.",3/27/2010 16:36,0,1,2,3,6,2,6/2/2010,5,0,42,NA,2,39
01895aed1d41234a5f7ab49686d2dd02,17330008,"An authentic, hidden gem in Atlanta. This is my favorite pizza place! Why spend $20 on dominos when you can get this authentic Italian pizza for the same price??



Food: This pizza is rustic, wholesome and so satisfying. The San Gennaro is a classic if you like meat and a little spice. For something a little more mild, I love the Pomodorini. You truly cannot go wrong.



Environment: So fast! Moments after sitting down you'll have your pizza. Order to-go or take a seat. There's extra seating in the back. Also hidden in the back by the kitchen you'll find fresh garlic, Parmesan, crushed red pepper, etc. They have drinks but you can also BYOB.



Tip: After enjoying your pizza, be sure to walk across the street for some delicious gelato!!",11/9/2010 2:12,0,1,2,3,3,7,8/28/2010,5,1,NA,1,NA,NA
019ac5d57f3fd308444a0647c95fdab0,7504098,"Atmosphere: 4 stars = picnic table seating with full open kitchen views, BYOB and parking



Service: 1 star = on a Monday around 4ish two cashiers are more interested in complaining about not being able to wear shorts to work than helping me translate the menu



Food: 1 stars = Where do I begin?

1- you cant pick out your toppings and are basically at the mercy of the menu...cant even split toppings

2- pizza was bland and crust was burned

3- mediocre at best



Pros: veggies were fresh and pizza too hot

Overall it was nice to try a new place but it wasn't worth $20 so I wont be back again",8/19/2010 21:31,0,1,2,3,5,3,11/7/2010,5,1,26,1,NA,144
019ac5d57f3fd308444a0647c95fdab0,487880,"The first time I've dined at Antico was back in 2009 as a college student. I remember feeling a tinge of jealousy that Georgia Tech kids get to party with authentic Neapolitan pizza, while the rest of us are stuck with your bland, run-of-the-mill delivery pizza.



Many years have gone by, and I still remember this place fondly. Upon my most recent visit, I learned that 1) most of their pizza costs over $20, 2) they have expanded their dining area by opening up the kitchen, and 3) they don't have dry oregano sprigs and peperonata on the table for you to garnish your pizza with anymore. Simultaneously, I was ecstatic to see that Antico is still thriving and that their pizza is still excellent. The quality of the ingredients is superb: the sauce made using the San Marzano tomatoes is pleasantly acidic, the crust is perfectly charred, and the bufala mozzarella is creamy. If this doesn't make you salivate, I don't know what will.



Although they offer various different pizzas, I only order Margheriat D.O.P. As the famous saying goes, less is more. If you can handle spice, I would recommend Diavola; the addition of soppressata and peperonata packs a punch and flavor.



In my experience, it is absolutely the best to eat their pizza right out of the oven, piping hot. So I would recommend dining in, rather than doing a take-out. No matter the day, they are extremely busy. However, with the glorious Acunto Napoli brick ovens sitting in their kitchen, they are capable of popping out their pizza really quickly - so the wait won't be bad at all.",8/1/2009 23:24,0,1,2,3,5,3,11/7/2010,5,1,26,1,NA,144
013e43ae20d2d1dc599f1e7f7fd9f768,4423285,"Antico is hands down, the best pizza place in Atlanta. It's my family's favorite pizza restaurant to eat at and we come here every time my brother and I are back in town. I've had the Margherita and the Sophia and they are both delicious. I judge a pizza place by their Margherita because it's a simple pizza that should be done right and Antico did a great job with the Margherita. The Sophia, which is bufala, cipollini onions, roasted mushrooms, and white truffle oil, has a ton of flavor and is a great pizza for vegetarians.



I've also been to the Alpharetta location and I thought it was just as good. The Avalon is a fun area to walk around, so I think it's a great location for the restaurant.",6/30/2010 17:42,0,1,2,3,4,3,6/13/2010,5,0,30,1,2,86
013e43ae20d2d1dc599f1e7f7fd9f768,2293607,"Best pizza I have ever had, period. We got the lasagna pizza, the spinach/brocolli pizza, and a pepperoni with peppers pizza (I don't remember the actual unique names they give them). They all were absolutely delicious, the pizza is of true Italian origin. Light sauce, cheese is spread out not just thrown all over the pizza, same goes for the other toppings. Crust was amazing, it's baked in a wood oven so the slight smoked charcoal taste on the crust was absolutely amazing.



The atmosphere is great, it definitely has the small pizzeria feel too it. It can get busy and you might end up without a place to sit, the place is small so it can get loud when it's busy.



Price, this is where I take off one star. It is expensive!!! The pizza is really good like I said, but does $24+ a pizza warrant that, i'm not so sure it does. The ingredients are fresh, but I don't think they throw $20+ worth of it on the pizza.



Would I go back? Yes, but only if it's a work outing and the company is paying, cause if you get two pizzas you're looking at $50! Ah! The pizza is absolutely delicious though, if you haven't been, go and splurge at least one here.",1/18/2010 16:44,0,1,2,3,4,3,6/13/2010,5,0,30,1,2,86
013e43ae20d2d1dc599f1e7f7fd9f768,11495501,"Best pizza I've ever had. Been around the world, across Italy, from Rome to Naples, Amalfi, Capri San Marino, Pisa, Cinque Terre, Verona, Milan, Venice and more; and never and NOWHERE have we had pizza as good as Antico's. The quality of the ingredients, the dough, the toppings, the ambiance. I don't even really like pizza and I can't get enough of Antico. Free parking if you can find a spot. The line may be long, but it moves quickly. Service is fast. They have beer and wine. Eat your pizza anywhere-- inside, outside by Amalfi bar and gelato place across the street, on a stoop or in your car.

--- you're welcome!",10/5/2010 12:49,0,1,2,3,4,3,6/13/2010,5,0,30,1,2,86
0142da7468f6292ffce8c10f13e4c682,4636641,"My first time here and ordered the Margherita pizza with pepperoni as well as the Sophia. We sat across the street at the cafe and the pizza was out in a flash it seemed! Atmosphere was fun and the patio was busy. I enjoyed the Margherita pizza but the Sophia was not my favorite. $27 for a pizza seems like a lot too.



After pizza, I ordered gelato- Peanut Butter Cup. It was smooth and creamy, very good! Also ordered Caramel Cheesecake. The cheesecake was very dense and rich, only a few bites and we were done.



We were a party of 4 and took home half a pizza and the cheesecake.",3/27/2010 16:36,0,1,2,3,6,2,6/2/2010,5,0,42,NA,2,39
01895aed1d41234a5f7ab49686d2dd02,17330008,"An authentic, hidden gem in Atlanta. This is my favorite pizza place! Why spend $20 on dominos when you can get this authentic Italian pizza for the same price??



Food: This pizza is rustic, wholesome and so satisfying. The San Gennaro is a classic if you like meat and a little spice. For something a little more mild, I love the Pomodorini. You truly cannot go wrong.



Environment: So fast! Moments after sitting down you'll have your pizza. Order to-go or take a seat. There's extra seating in the back. Also hidden in the back by the kitchen you'll find fresh garlic, Parmesan, crushed red pepper, etc. They have drinks but you can also BYOB.



Tip: After enjoying your pizza, be sure to walk across the street for some delicious gelato!!",11/9/2010 2:12,0,1,2,3,3,7,8/28/2010,5,1,NA,1,NA,NA
019ac5d57f3fd308444a0647c95fdab0,7504098,"Atmosphere: 4 stars = picnic table seating with full open kitchen views, BYOB and parking



Service: 1 star = on a Monday around 4ish two cashiers are more interested in complaining about not being able to wear shorts to work than helping me translate the menu



Food: 1 stars = Where do I begin?

1- you cant pick out your toppings and are basically at the mercy of the menu...cant even split toppings

2- pizza was bland and crust was burned

3- mediocre at best



Pros: veggies were fresh and pizza too hot

Overall it was nice to try a new place but it wasn't worth $20 so I wont be back again",8/19/2010 21:31,0,1,2,3,5,3,11/7/2010,5,1,26,1,NA,144
019ac5d57f3fd308444a0647c95fdab0,487880,"The first time I've dined at Antico was back in 2009 as a college student. I remember feeling a tinge of jealousy that Georgia Tech kids get to party with authentic Neapolitan pizza, while the rest of us are stuck with your bland, run-of-the-mill delivery pizza.



Many years have gone by, and I still remember this place fondly. Upon my most recent visit, I learned that 1) most of their pizza costs over $20, 2) they have expanded their dining area by opening up the kitchen, and 3) they don't have dry oregano sprigs and peperonata on the table for you to garnish your pizza with anymore. Simultaneously, I was ecstatic to see that Antico is still thriving and that their pizza is still excellent. The quality of the ingredients is superb: the sauce made using the San Marzano tomatoes is pleasantly acidic, the crust is perfectly charred, and the bufala mozzarella is creamy. If this doesn't make you salivate, I don't know what will.



Although they offer various different pizzas, I only order Margheriat D.O.P. As the famous saying goes, less is more. If you can handle spice, I would recommend Diavola; the addition of soppressata and peperonata packs a punch and flavor.



In my experience, it is absolutely the best to eat their pizza right out of the oven, piping hot. So I would recommend dining in, rather than doing a take-out. No matter the day, they are extremely busy. However, with the glorious Acunto Napoli brick ovens sitting in their kitchen, they are capable of popping out their pizza really quickly - so the wait won't be bad at all.",8/1/2009 23:24,0,1,2,3,5,3,11/7/2010,5,1,26,1,NA,144
013e43ae20d2d1dc599f1e7f7fd9f768,4423285,"Antico is hands down, the best pizza place in Atlanta. It's my family's favorite pizza restaurant to eat at and we come here every time my brother and I are back in town. I've had the Margherita and the Sophia and they are both delicious. I judge a pizza place by their Margherita because it's a simple pizza that should be done right and Antico did a great job with the Margherita. The Sophia, which is bufala, cipollini onions, roasted mushrooms, and white truffle oil, has a ton of flavor and is a great pizza for vegetarians.



I've also been to the Alpharetta location and I thought it was just as good. The Avalon is a fun area to walk around, so I think it's a great location for the restaurant.",6/30/2010 17:42,0,1,2,3,4,3,6/13/2010,5,0,30,1,2,86
013e43ae20d2d1dc599f1e7f7fd9f768,2293607,"Best pizza I have ever had, period. We got the lasagna pizza, the spinach/brocolli pizza, and a pepperoni with peppers pizza (I don't remember the actual unique names they give them). They all were absolutely delicious, the pizza is of true Italian origin. Light sauce, cheese is spread out not just thrown all over the pizza, same goes for the other toppings. Crust was amazing, it's baked in a wood oven so the slight smoked charcoal taste on the crust was absolutely amazing.



The atmosphere is great, it definitely has the small pizzeria feel too it. It can get busy and you might end up without a place to sit, the place is small so it can get loud when it's busy.



Price, this is where I take off one star. It is expensive!!! The pizza is really good like I said, but does $24+ a pizza warrant that, i'm not so sure it does. The ingredients are fresh, but I don't think they throw $20+ worth of it on the pizza.



Would I go back? Yes, but only if it's a work outing and the company is paying, cause if you get two pizzas you're looking at $50! Ah! The pizza is absolutely delicious though, if you haven't been, go and splurge at least one here.",1/18/2010 16:44,0,1,2,3,4,3,6/13/2010,5,0,30,1,2,86
013e43ae20d2d1dc599f1e7f7fd9f768,11495501,"Best pizza I've ever had. Been around the world, across Italy, from Rome to Naples, Amalfi, Capri San Marino, Pisa, Cinque Terre, Verona, Milan, Venice and more; and never and NOWHERE have we had pizza as good as Antico's. The quality of the ingredients, the dough, the toppings, the ambiance. I don't even really like pizza and I can't get enough of Antico. Free parking if you can find a spot. The line may be long, but it moves quickly. Service is fast. They have beer and wine. Eat your pizza anywhere-- inside, outside by Amalfi bar and gelato place across the street, on a stoop or in your car.

--- you're welcome!",10/5/2010 12:49,0,1,2,3,4,3,6/13/2010,5,0,30,1,2,86
0142da7468f6292ffce8c10f13e4c682,4636641,"My first time here and ordered the Margherita pizza with pepperoni as well as the Sophia. We sat across the street at the cafe and the pizza was out in a flash it seemed! Atmosphere was fun and the patio was busy. I enjoyed the Margherita pizza but the Sophia was not my favorite. $27 for a pizza seems like a lot too.



After pizza, I ordered gelato- Peanut Butter Cup. It was smooth and creamy, very good! Also ordered Caramel Cheesecake. The cheesecake was very dense and rich, only a few bites and we were done.



We were a party of 4 and took home half a pizza and the cheesecake.",3/27/2010 16:36,0,1,2,3,6,2,6/2/2010,5,0,42,NA,2,39
01895aed1d41234a5f7ab49686d2dd02,17330008,"An authentic, hidden gem in Atlanta. This is my favorite pizza place! Why spend $20 on dominos when you can get this authentic Italian pizza for the same price??



Food: This pizza is rustic, wholesome and so satisfying. The San Gennaro is a classic if you like meat and a little spice. For something a little more mild, I love the Pomodorini. You truly cannot go wrong.



Environment: So fast! Moments after sitting down you'll have your pizza. Order to-go or take a seat. There's extra seating in the back. Also hidden in the back by the kitchen you'll find fresh garlic, Parmesan, crushed red pepper, etc. They have drinks but you can also BYOB.



Tip: After enjoying your pizza, be sure to walk across the street for some delicious gelato!!",11/9/2010 2:12,0,1,2,3,3,7,8/28/2010,5,1,NA,1,NA,NA
019ac5d57f3fd308444a0647c95fdab0,7504098,"Atmosphere: 4 stars = picnic table seating with full open kitchen views, BYOB and parking



Service: 1 star = on a Monday around 4ish two cashiers are more interested in complaining about not being able to wear shorts to work than helping me translate the menu



Food: 1 stars = Where do I begin?

1- you cant pick out your toppings and are basically at the mercy of the menu...cant even split toppings

2- pizza was bland and crust was burned

3- mediocre at best



Pros: veggies were fresh and pizza too hot

Overall it was nice to try a new place but it wasn't worth $20 so I wont be back again",8/19/2010 21:31,0,1,2,3,5,3,11/7/2010,5,1,26,1,NA,144
019ac5d57f3fd308444a0647c95fdab0,487880,"The first time I've dined at Antico was back in 2009 as a college student. I remember feeling a tinge of jealousy that Georgia Tech kids get to party with authentic Neapolitan pizza, while the rest of us are stuck with your bland, run-of-the-mill delivery pizza.



Many years have gone by, and I still remember this place fondly. Upon my most recent visit, I learned that 1) most of their pizza costs over $20, 2) they have expanded their dining area by opening up the kitchen, and 3) they don't have dry oregano sprigs and peperonata on the table for you to garnish your pizza with anymore. Simultaneously, I was ecstatic to see that Antico is still thriving and that their pizza is still excellent. The quality of the ingredients is superb: the sauce made using the San Marzano tomatoes is pleasantly acidic, the crust is perfectly charred, and the bufala mozzarella is creamy. If this doesn't make you salivate, I don't know what will.



Although they offer various different pizzas, I only order Margheriat D.O.P. As the famous saying goes, less is more. If you can handle spice, I would recommend Diavola; the addition of soppressata and peperonata packs a punch and flavor.



In my experience, it is absolutely the best to eat their pizza right out of the oven, piping hot. So I would recommend dining in, rather than doing a take-out. No matter the day, they are extremely busy. However, with the glorious Acunto Napoli brick ovens sitting in their kitchen, they are capable of popping out their pizza really quickly - so the wait won't be bad at all.",8/1/2009 23:24,0,1,2,3,5,3,11/7/2010,5,1,26,1,NA,144
013e43ae20d2d1dc599f1e7f7fd9f768,4423285,"Antico is hands down, the best pizza place in Atlanta. It's my family's favorite pizza restaurant to eat at and we come here every time my brother and I are back in town. I've had the Margherita and the Sophia and they are both delicious. I judge a pizza place by their Margherita because it's a simple pizza that should be done right and Antico did a great job with the Margherita. The Sophia, which is bufala, cipollini onions, roasted mushrooms, and white truffle oil, has a ton of flavor and is a great pizza for vegetarians.



I've also been to the Alpharetta location and I thought it was just as good. The Avalon is a fun area to walk around, so I think it's a great location for the restaurant.",6/30/2010 17:42,0,1,2,3,4,3,6/13/2010,5,0,30,1,2,86
013e43ae20d2d1dc599f1e7f7fd9f768,2293607,"Best pizza I have ever had, period. We got the lasagna pizza, the spinach/brocolli pizza, and a pepperoni with peppers pizza (I don't remember the actual unique names they give them). They all were absolutely delicious, the pizza is of true Italian origin. Light sauce, cheese is spread out not just thrown all over the pizza, same goes for the other toppings. Crust was amazing, it's baked in a wood oven so the slight smoked charcoal taste on the crust was absolutely amazing.



The atmosphere is great, it definitely has the small pizzeria feel too it. It can get busy and you might end up without a place to sit, the place is small so it can get loud when it's busy.



Price, this is where I take off one star. It is expensive!!! The pizza is really good like I said, but does $24+ a pizza warrant that, i'm not so sure it does. The ingredients are fresh, but I don't think they throw $20+ worth of it on the pizza.



Would I go back? Yes, but only if it's a work outing and the company is paying, cause if you get two pizzas you're looking at $50! Ah! The pizza is absolutely delicious though, if you haven't been, go and splurge at least one here.",1/18/2010 16:44,0,1,2,3,4,3,6/13/2010,5,0,30,1,2,86
013e43ae20d2d1dc599f1e7f7fd9f768,11495501,"Best pizza I've ever had. Been around the world, across Italy, from Rome to Naples, Amalfi, Capri San Marino, Pisa, Cinque Terre, Verona, Milan, Venice and more; and never and NOWHERE have we had pizza as good as Antico's. The quality of the ingredients, the dough, the toppings, the ambiance. I don't even really like pizza and I can't get enough of Antico. Free parking if you can find a spot. The line may be long, but it moves quickly. Service is fast. They have beer and wine. Eat your pizza anywhere-- inside, outside by Amalfi bar and gelato place across the street, on a stoop or in your car.

--- you're welcome!",10/5/2010 12:49,0,1,2,3,4,3,6/13/2010,5,0,30,1,2,86
0142da7468f6292ffce8c10f13e4c682,4636641,"My first time here and ordered the Margherita pizza with pepperoni as well as the Sophia. We sat across the street at the cafe and the pizza was out in a flash it seemed! Atmosphere was fun and the patio was busy. I enjoyed the Margherita pizza but the Sophia was not my favorite. $27 for a pizza seems like a lot too.



After pizza, I ordered gelato- Peanut Butter Cup. It was smooth and creamy, very good! Also ordered Caramel Cheesecake. The cheesecake was very dense and rich, only a few bites and we were done.



We were a party of 4 and took home half a pizza and the cheesecake.",3/27/2010 16:36,0,1,2,3,6,2,6/2/2010,5,0,42,NA,2,39
01895aed1d41234a5f7ab49686d2dd02,17330008,"An authentic, hidden gem in Atlanta. This is my favorite pizza place! Why spend $20 on dominos when you can get this authentic Italian pizza for the same price??



Food: This pizza is rustic, wholesome and so satisfying. The San Gennaro is a classic if you like meat and a little spice. For something a little more mild, I love the Pomodorini. You truly cannot go wrong.



Environment: So fast! Moments after sitting down you'll have your pizza. Order to-go or take a seat. There's extra seating in the back. Also hidden in the back by the kitchen you'll find fresh garlic, Parmesan, crushed red pepper, etc. They have drinks but you can also BYOB.



Tip: After enjoying your pizza, be sure to walk across the street for some delicious gelato!!",11/9/2010 2:12,0,1,2,3,3,7,8/28/2010,5,1,NA,1,NA,NA
019ac5d57f3fd308444a0647c95fdab0,7504098,"Atmosphere: 4 stars = picnic table seating with full open kitchen views, BYOB and parking



Service: 1 star = on a Monday around 4ish two cashiers are more interested in complaining about not being able to wear shorts to work than helping me translate the menu



Food: 1 stars = Where do I begin?

1- you cant pick out your toppings and are basically at the mercy of the menu...cant even split toppings

2- pizza was bland and crust was burned

3- mediocre at best



Pros: veggies were fresh and pizza too hot

Overall it was nice to try a new place but it wasn't worth $20 so I wont be back again",8/19/2010 21:31,0,1,2,3,5,3,11/7/2010,5,1,26,1,NA,144
019ac5d57f3fd308444a0647c95fdab0,487880,"The first time I've dined at Antico was back in 2009 as a college student. I remember feeling a tinge of jealousy that Georgia Tech kids get to party with authentic Neapolitan pizza, while the rest of us are stuck with your bland, run-of-the-mill delivery pizza.



Many years have gone by, and I still remember this place fondly. Upon my most recent visit, I learned that 1) most of their pizza costs over $20, 2) they have expanded their dining area by opening up the kitchen, and 3) they don't have dry oregano sprigs and peperonata on the table for you to garnish your pizza with anymore. Simultaneously, I was ecstatic to see that Antico is still thriving and that their pizza is still excellent. The quality of the ingredients is superb: the sauce made using the San Marzano tomatoes is pleasantly acidic, the crust is perfectly charred, and the bufala mozzarella is creamy. If this doesn't make you salivate, I don't know what will.



Although they offer various different pizzas, I only order Margheriat D.O.P. As the famous saying goes, less is more. If you can handle spice, I would recommend Diavola; the addition of soppressata and peperonata packs a punch and flavor.



In my experience, it is absolutely the best to eat their pizza right out of the oven, piping hot. So I would recommend dining in, rather than doing a take-out. No matter the day, they are extremely busy. However, with the glorious Acunto Napoli brick ovens sitting in their kitchen, they are capable of popping out their pizza really quickly - so the wait won't be bad at all.",8/1/2009 23:24,0,1,2,3,5,3,11/7/2010,5,1,26,1,NA,144
013e43ae20d2d1dc599f1e7f7fd9f768,4423285,"Antico is hands down, the best pizza place in Atlanta. It's my family's favorite pizza restaurant to eat at and we come here every time my brother and I are back in town. I've had the Margherita and the Sophia and they are both delicious. I judge a pizza place by their Margherita because it's a simple pizza that should be done right and Antico did a great job with the Margherita. The Sophia, which is bufala, cipollini onions, roasted mushrooms, and white truffle oil, has a ton of flavor and is a great pizza for vegetarians.



I've also been to the Alpharetta location and I thought it was just as good. The Avalon is a fun area to walk around, so I think it's a great location for the restaurant.",6/30/2010 17:42,0,1,2,3,4,3,6/13/2010,5,0,30,1,2,86
013e43ae20d2d1dc599f1e7f7fd9f768,2293607,"Best pizza I have ever had, period. We got the lasagna pizza, the spinach/brocolli pizza, and a pepperoni with peppers pizza (I don't remember the actual unique names they give them). They all were absolutely delicious, the pizza is of true Italian origin. Light sauce, cheese is spread out not just thrown all over the pizza, same goes for the other toppings. Crust was amazing, it's baked in a wood oven so the slight smoked charcoal taste on the crust was absolutely amazing.



The atmosphere is great, it definitely has the small pizzeria feel too it. It can get busy and you might end up without a place to sit, the place is small so it can get loud when it's busy.



Price, this is where I take off one star. It is expensive!!! The pizza is really good like I said, but does $24+ a pizza warrant that, i'm not so sure it does. The ingredients are fresh, but I don't think they throw $20+ worth of it on the pizza.



Would I go back? Yes, but only if it's a work outing and the company is paying, cause if you get two pizzas you're looking at $50! Ah! The pizza is absolutely delicious though, if you haven't been, go and splurge at least one here.",1/18/2010 16:44,0,1,2,3,4,3,6/13/2010,5,0,30,1,2,86
013e43ae20d2d1dc599f1e7f7fd9f768,11495501,"Best pizza I've ever had. Been around the world, across Italy, from Rome to Naples, Amalfi, Capri San Marino, Pisa, Cinque Terre, Verona, Milan, Venice and more; and never and NOWHERE have we had pizza as good as Antico's. The quality of the ingredients, the dough, the toppings, the ambiance. I don't even really like pizza and I can't get enough of Antico. Free parking if you can find a spot. The line may be long, but it moves quickly. Service is fast. They have beer and wine. Eat your pizza anywhere-- inside, outside by Amalfi bar and gelato place across the street, on a stoop or in your car.

--- you're welcome!",10/5/2010 12:49,0,1,2,3,4,3,6/13/2010,5,0,30,1,2,86
0142da7468f6292ffce8c10f13e4c682,4636641,"My first time here and ordered the Margherita pizza with pepperoni as well as the Sophia. We sat across the street at the cafe and the pizza was out in a flash it seemed! Atmosphere was fun and the patio was busy. I enjoyed the Margherita pizza but the Sophia was not my favorite. $27 for a pizza seems like a lot too.



After pizza, I ordered gelato- Peanut Butter Cup. It was smooth and creamy, very good! Also ordered Caramel Cheesecake. The cheesecake was very dense and rich, only a few bites and we were done.



We were a party of 4 and took home half a pizza and the cheesecake.",3/27/2010 16:36,0,1,2,3,6,2,6/2/2010,5,0,42,NA,2,39
01895aed1d41234a5f7ab49686d2dd02,17330008,"An authentic, hidden gem in Atlanta. This is my favorite pizza place! Why spend $20 on dominos when you can get this authentic Italian pizza for the same price??



Food: This pizza is rustic, wholesome and so satisfying. The San Gennaro is a classic if you like meat and a little spice. For something a little more mild, I love the Pomodorini. You truly cannot go wrong.



Environment: So fast! Moments after sitting down you'll have your pizza. Order to-go or take a seat. There's extra seating in the back. Also hidden in the back by the kitchen you'll find fresh garlic, Parmesan, crushed red pepper, etc. They have drinks but you can also BYOB.



Tip: After enjoying your pizza, be sure to walk across the street for some delicious gelato!!",11/9/2010 2:12,0,1,2,3,3,7,8/28/2010,5,1,NA,1,NA,NA
019ac5d57f3fd308444a0647c95fdab0,7504098,"Atmosphere: 4 stars = picnic table seating with full open kitchen views, BYOB and parking



Service: 1 star = on a Monday around 4ish two cashiers are more interested in complaining about not being able to wear shorts to work than helping me translate the menu



Food: 1 stars = Where do I begin?

1- you cant pick out your toppings and are basically at the mercy of the menu...cant even split toppings

2- pizza was bland and crust was burned

3- mediocre at best



Pros: veggies were fresh and pizza too hot

Overall it was nice to try a new place but it wasn't worth $20 so I wont be back again",8/19/2010 21:31,0,1,2,3,5,3,11/7/2010,5,1,26,1,NA,144
019ac5d57f3fd308444a0647c95fdab0,487880,"The first time I've dined at Antico was back in 2009 as a college student. I remember feeling a tinge of jealousy that Georgia Tech kids get to party with authentic Neapolitan pizza, while the rest of us are stuck with your bland, run-of-the-mill delivery pizza.



Many years have gone by, and I still remember this place fondly. Upon my most recent visit, I learned that 1) most of their pizza costs over $20, 2) they have expanded their dining area by opening up the kitchen, and 3) they don't have dry oregano sprigs and peperonata on the table for you to garnish your pizza with anymore. Simultaneously, I was ecstatic to see that Antico is still thriving and that their pizza is still excellent. The quality of the ingredients is superb: the sauce made using the San Marzano tomatoes is pleasantly acidic, the crust is perfectly charred, and the bufala mozzarella is creamy. If this doesn't make you salivate, I don't know what will.



Although they offer various different pizzas, I only order Margheriat D.O.P. As the famous saying goes, less is more. If you can handle spice, I would recommend Diavola; the addition of soppressata and peperonata packs a punch and flavor.



In my experience, it is absolutely the best to eat their pizza right out of the oven, piping hot. So I would recommend dining in, rather than doing a take-out. No matter the day, they are extremely busy. However, with the glorious Acunto Napoli brick ovens sitting in their kitchen, they are capable of popping out their pizza really quickly - so the wait won't be bad at all.",8/1/2009 23:24,0,1,2,3,5,3,11/7/2010,5,1,26,1,NA,144
013e43ae20d2d1dc599f1e7f7fd9f768,4423285,"Antico is hands down, the best pizza place in Atlanta. It's my family's favorite pizza restaurant to eat at and we come here every time my brother and I are back in town. I've had the Margherita and the Sophia and they are both delicious. I judge a pizza place by their Margherita because it's a simple pizza that should be done right and Antico did a great job with the Margherita. The Sophia, which is bufala, cipollini onions, roasted mushrooms, and white truffle oil, has a ton of flavor and is a great pizza for vegetarians.



I've also been to the Alpharetta location and I thought it was just as good. The Avalon is a fun area to walk around, so I think it's a great location for the restaurant.",6/30/2010 17:42,0,1,2,3,4,3,6/13/2010,5,0,30,1,2,86
013e43ae20d2d1dc599f1e7f7fd9f768,2293607,"Best pizza I have ever had, period. We got the lasagna pizza, the spinach/brocolli pizza, and a pepperoni with peppers pizza (I don't remember the actual unique names they give them). They all were absolutely delicious, the pizza is of true Italian origin. Light sauce, cheese is spread out not just thrown all over the pizza, same goes for the other toppings. Crust was amazing, it's baked in a wood oven so the slight smoked charcoal taste on the crust was absolutely amazing.



The atmosphere is great, it definitely has the small pizzeria feel too it. It can get busy and you might end up without a place to sit, the place is small so it can get loud when it's busy.



Price, this is where I take off one star. It is expensive!!! The pizza is really good like I said, but does $24+ a pizza warrant that, i'm not so sure it does. The ingredients are fresh, but I don't think they throw $20+ worth of it on the pizza.



Would I go back? Yes, but only if it's a work outing and the company is paying, cause if you get two pizzas you're looking at $50! Ah! The pizza is absolutely delicious though, if you haven't been, go and splurge at least one here.",1/18/2010 16:44,0,1,2,3,4,3,6/13/2010,5,0,30,1,2,86
013e43ae20d2d1dc599f1e7f7fd9f768,11495501,"Best pizza I've ever had. Been around the world, across Italy, from Rome to Naples, Amalfi, Capri San Marino, Pisa, Cinque Terre, Verona, Milan, Venice and more; and never and NOWHERE have we had pizza as good as Antico's. The quality of the ingredients, the dough, the toppings, the ambiance. I don't even really like pizza and I can't get enough of Antico. Free parking if you can find a spot. The line may be long, but it moves quickly. Service is fast. They have beer and wine. Eat your pizza anywhere-- inside, outside by Amalfi bar and gelato place across the street, on a stoop or in your car.

--- you're welcome!",10/5/2010 12:49,0,1,2,3,4,3,6/13/2010,5,0,30,1,2,86
0142da7468f6292ffce8c10f13e4c682,4636641,"My first time here and ordered the Margherita pizza with pepperoni as well as the Sophia. We sat across the street at the cafe and the pizza was out in a flash it seemed! Atmosphere was fun and the patio was busy. I enjoyed the Margherita pizza but the Sophia was not my favorite. $27 for a pizza seems like a lot too.



After pizza, I ordered gelato- Peanut Butter Cup. It was smooth and creamy, very good! Also ordered Caramel Cheesecake. The cheesecake was very dense and rich, only a few bites and we were done.



We were a party of 4 and took home half a pizza and the cheesecake.",3/27/2010 16:36,0,1,2,3,6,2,6/2/2010,5,0,42,NA,2,39
01895aed1d41234a5f7ab49686d2dd02,17330008,"An authentic, hidden gem in Atlanta. This is my favorite pizza place! Why spend $20 on dominos when you can get this authentic Italian pizza for the same price??



Food: This pizza is rustic, wholesome and so satisfying. The San Gennaro is a classic if you like meat and a little spice. For something a little more mild, I love the Pomodorini. You truly cannot go wrong.



Environment: So fast! Moments after sitting down you'll have your pizza. Order to-go or take a seat. There's extra seating in the back. Also hidden in the back by the kitchen you'll find fresh garlic, Parmesan, crushed red pepper, etc. They have drinks but you can also BYOB.



Tip: After enjoying your pizza, be sure to walk across the street for some delicious gelato!!",11/9/2010 2:12,0,1,2,3,3,7,8/28/2010,5,1,NA,1,NA,NA
019ac5d57f3fd308444a0647c95fdab0,7504098,"Atmosphere: 4 stars = picnic table seating with full open kitchen views, BYOB and parking



Service: 1 star = on a Monday around 4ish two cashiers are more interested in complaining about not being able to wear shorts to work than helping me translate the menu



Food: 1 stars = Where do I begin?

1- you cant pick out your toppings and are basically at the mercy of the menu...cant even split toppings

2- pizza was bland and crust was burned

3- mediocre at best



Pros: veggies were fresh and pizza too hot

Overall it was nice to try a new place but it wasn't worth $20 so I wont be back again",8/19/2010 21:31,0,1,2,3,5,3,11/7/2010,5,1,26,1,NA,144
019ac5d57f3fd308444a0647c95fdab0,487880,"The first time I've dined at Antico was back in 2009 as a college student. I remember feeling a tinge of jealousy that Georgia Tech kids get to party with authentic Neapolitan pizza, while the rest of us are stuck with your bland, run-of-the-mill delivery pizza.



Many years have gone by, and I still remember this place fondly. Upon my most recent visit, I learned that 1) most of their pizza costs over $20, 2) they have expanded their dining area by opening up the kitchen, and 3) they don't have dry oregano sprigs and peperonata on the table for you to garnish your pizza with anymore. Simultaneously, I was ecstatic to see that Antico is still thriving and that their pizza is still excellent. The quality of the ingredients is superb: the sauce made using the San Marzano tomatoes is pleasantly acidic, the crust is perfectly charred, and the bufala mozzarella is creamy. If this doesn't make you salivate, I don't know what will.



Although they offer various different pizzas, I only order Margheriat D.O.P. As the famous saying goes, less is more. If you can handle spice, I would recommend Diavola; the addition of soppressata and peperonata packs a punch and flavor.



In my experience, it is absolutely the best to eat their pizza right out of the oven, piping hot. So I would recommend dining in, rather than doing a take-out. No matter the day, they are extremely busy. However, with the glorious Acunto Napoli brick ovens sitting in their kitchen, they are capable of popping out their pizza really quickly - so the wait won't be bad at all.",8/1/2009 23:24,0,1,2,3,5,3,11/7/2010,5,1,26,1,NA,144
013e43ae20d2d1dc599f1e7f7fd9f768,4423285,"Antico is hands down, the best pizza place in Atlanta. It's my family's favorite pizza restaurant to eat at and we come here every time my brother and I are back in town. I've had the Margherita and the Sophia and they are both delicious. I judge a pizza place by their Margherita because it's a simple pizza that should be done right and Antico did a great job with the Margherita. The Sophia, which is bufala, cipollini onions, roasted mushrooms, and white truffle oil, has a ton of flavor and is a great pizza for vegetarians.



I've also been to the Alpharetta location and I thought it was just as good. The Avalon is a fun area to walk around, so I think it's a great location for the restaurant.",6/30/2010 17:42,0,1,2,3,4,3,6/13/2010,5,0,30,1,2,86
013e43ae20d2d1dc599f1e7f7fd9f768,2293607,"Best pizza I have ever had, period. We got the lasagna pizza, the spinach/brocolli pizza, and a pepperoni with peppers pizza (I don't remember the actual unique names they give them). They all were absolutely delicious, the pizza is of true Italian origin. Light sauce, cheese is spread out not just thrown all over the pizza, same goes for the other toppings. Crust was amazing, it's baked in a wood oven so the slight smoked charcoal taste on the crust was absolutely amazing.



The atmosphere is great, it definitely has the small pizzeria feel too it. It can get busy and you might end up without a place to sit, the place is small so it can get loud when it's busy.



Price, this is where I take off one star. It is expensive!!! The pizza is really good like I said, but does $24+ a pizza warrant that, i'm not so sure it does. The ingredients are fresh, but I don't think they throw $20+ worth of it on the pizza.



Would I go back? Yes, but only if it's a work outing and the company is paying, cause if you get two pizzas you're looking at $50! Ah! The pizza is absolutely delicious though, if you haven't been, go and splurge at least one here.",1/18/2010 16:44,0,1,2,3,4,3,6/13/2010,5,0,30,1,2,86
013e43ae20d2d1dc599f1e7f7fd9f768,11495501,"Best pizza I've ever had. Been around the world, across Italy, from Rome to Naples, Amalfi, Capri San Marino, Pisa, Cinque Terre, Verona, Milan, Venice and more; and never and NOWHERE have we had pizza as good as Antico's. The quality of the ingredients, the dough, the toppings, the ambiance. I don't even really like pizza and I can't get enough of Antico. Free parking if you can find a spot. The line may be long, but it moves quickly. Service is fast. They have beer and wine. Eat your pizza anywhere-- inside, outside by Amalfi bar and gelato place across the street, on a stoop or in your car.

--- you're welcome!",10/5/2010 12:49,0,1,2,3,4,3,6/13/2010,5,0,30,1,2,86
0142da7468f6292ffce8c10f13e4c682,4636641,"My first time here and ordered the Margherita pizza with pepperoni as well as the Sophia. We sat across the street at the cafe and the pizza was out in a flash it seemed! Atmosphere was fun and the patio was busy. I enjoyed the Margherita pizza but the Sophia was not my favorite. $27 for a pizza seems like a lot too.



After pizza, I ordered gelato- Peanut Butter Cup. It was smooth and creamy, very good! Also ordered Caramel Cheesecake. The cheesecake was very dense and rich, only a few bites and we were done.



We were a party of 4 and took home half a pizza and the cheesecake.",3/27/2010 16:36,0,1,2,3,6,2,6/2/2010,5,0,42,NA,2,39
01895aed1d41234a5f7ab49686d2dd02,17330008,"An authentic, hidden gem in Atlanta. This is my favorite pizza place! Why spend $20 on dominos when you can get this authentic Italian pizza for the same price??



Food: This pizza is rustic, wholesome and so satisfying. The San Gennaro is a classic if you like meat and a little spice. For something a little more mild, I love the Pomodorini. You truly cannot go wrong.



Environment: So fast! Moments after sitting down you'll have your pizza. Order to-go or take a seat. There's extra seating in the back. Also hidden in the back by the kitchen you'll find fresh garlic, Parmesan, crushed red pepper, etc. They have drinks but you can also BYOB.



Tip: After enjoying your pizza, be sure to walk across the street for some delicious gelato!!",11/9/2010 2:12,0,1,2,3,3,7,8/28/2010,5,1,NA,1,NA,NA
019ac5d57f3fd308444a0647c95fdab0,7504098,"Atmosphere: 4 stars = picnic table seating with full open kitchen views, BYOB and parking



Service: 1 star = on a Monday around 4ish two cashiers are more interested in complaining about not being able to wear shorts to work than helping me translate the menu



Food: 1 stars = Where do I begin?

1- you cant pick out your toppings and are basically at the mercy of the menu...cant even split toppings

2- pizza was bland and crust was burned

3- mediocre at best



Pros: veggies were fresh and pizza too hot

Overall it was nice to try a new place but it wasn't worth $20 so I wont be back again",8/19/2010 21:31,0,1,2,3,5,3,11/7/2010,5,1,26,1,NA,144
019ac5d57f3fd308444a0647c95fdab0,487880,"The first time I've dined at Antico was back in 2009 as a college student. I remember feeling a tinge of jealousy that Georgia Tech kids get to party with authentic Neapolitan pizza, while the rest of us are stuck with your bland, run-of-the-mill delivery pizza.



Many years have gone by, and I still remember this place fondly. Upon my most recent visit, I learned that 1) most of their pizza costs over $20, 2) they have expanded their dining area by opening up the kitchen, and 3) they don't have dry oregano sprigs and peperonata on the table for you to garnish your pizza with anymore. Simultaneously, I was ecstatic to see that Antico is still thriving and that their pizza is still excellent. The quality of the ingredients is superb: the sauce made using the San Marzano tomatoes is pleasantly acidic, the crust is perfectly charred, and the bufala mozzarella is creamy. If this doesn't make you salivate, I don't know what will.



Although they offer various different pizzas, I only order Margheriat D.O.P. As the famous saying goes, less is more. If you can handle spice, I would recommend Diavola; the addition of soppressata and peperonata packs a punch and flavor.



In my experience, it is absolutely the best to eat their pizza right out of the oven, piping hot. So I would recommend dining in, rather than doing a take-out. No matter the day, they are extremely busy. However, with the glorious Acunto Napoli brick ovens sitting in their kitchen, they are capable of popping out their pizza really quickly - so the wait won't be bad at all.",8/1/2009 23:24,0,1,2,3,5,3,11/7/2010,5,1,26,1,NA,144
013e43ae20d2d1dc599f1e7f7fd9f768,4423285,"Antico is hands down, the best pizza place in Atlanta. It's my family's favorite pizza restaurant to eat at and we come here every time my brother and I are back in town. I've had the Margherita and the Sophia and they are both delicious. I judge a pizza place by their Margherita because it's a simple pizza that should be done right and Antico did a great job with the Margherita. The Sophia, which is bufala, cipollini onions, roasted mushrooms, and white truffle oil, has a ton of flavor and is a great pizza for vegetarians.



I've also been to the Alpharetta location and I thought it was just as good. The Avalon is a fun area to walk around, so I think it's a great location for the restaurant.",6/30/2010 17:42,0,1,2,3,4,3,6/13/2010,5,0,30,1,2,86
013e43ae20d2d1dc599f1e7f7fd9f768,2293607,"Best pizza I have ever had, period. We got the lasagna pizza, the spinach/brocolli pizza, and a pepperoni with peppers pizza (I don't remember the actual unique names they give them). They all were absolutely delicious, the pizza is of true Italian origin. Light sauce, cheese is spread out not just thrown all over the pizza, same goes for the other toppings. Crust was amazing, it's baked in a wood oven so the slight smoked charcoal taste on the crust was absolutely amazing.



The atmosphere is great, it definitely has the small pizzeria feel too it. It can get busy and you might end up without a place to sit, the place is small so it can get loud when it's busy.



Price, this is where I take off one star. It is expensive!!! The pizza is really good like I said, but does $24+ a pizza warrant that, i'm not so sure it does. The ingredients are fresh, but I don't think they throw $20+ worth of it on the pizza.



Would I go back? Yes, but only if it's a work outing and the company is paying, cause if you get two pizzas you're looking at $50! Ah! The pizza is absolutely delicious though, if you haven't been, go and splurge at least one here.",1/18/2010 16:44,0,1,2,3,4,3,6/13/2010,5,0,30,1,2,86
013e43ae20d2d1dc599f1e7f7fd9f768,11495501,"Best pizza I've ever had. Been around the world, across Italy, from Rome to Naples, Amalfi, Capri San Marino, Pisa, Cinque Terre, Verona, Milan, Venice and more; and never and NOWHERE have we had pizza as good as Antico's. The quality of the ingredients, the dough, the toppings, the ambiance. I don't even really like pizza and I can't get enough of Antico. Free parking if you can find a spot. The line may be long, but it moves quickly. Service is fast. They have beer and wine. Eat your pizza anywhere-- inside, outside by Amalfi bar and gelato place across the street, on a stoop or in your car.

--- you're welcome!",10/5/2010 12:49,0,1,2,3,4,3,6/13/2010,5,0,30,1,2,86
0142da7468f6292ffce8c10f13e4c682,4636641,"My first time here and ordered the Margherita pizza with pepperoni as well as the Sophia. We sat across the street at the cafe and the pizza was out in a flash it seemed! Atmosphere was fun and the patio was busy. I enjoyed the Margherita pizza but the Sophia was not my favorite. $27 for a pizza seems like a lot too.



After pizza, I ordered gelato- Peanut Butter Cup. It was smooth and creamy, very good! Also ordered Caramel Cheesecake. The cheesecake was very dense and rich, only a few bites and we were done.



We were a party of 4 and took home half a pizza and the cheesecake.",3/27/2010 16:36,0,1,2,3,6,2,6/2/2010,5,0,42,NA,2,39
01895aed1d41234a5f7ab49686d2dd02,17330008,"An authentic, hidden gem in Atlanta. This is my favorite pizza place! Why spend $20 on dominos when you can get this authentic Italian pizza for the same price??



Food: This pizza is rustic, wholesome and so satisfying. The San Gennaro is a classic if you like meat and a little spice. For something a little more mild, I love the Pomodorini. You truly cannot go wrong.



Environment: So fast! Moments after sitting down you'll have your pizza. Order to-go or take a seat. There's extra seating in the back. Also hidden in the back by the kitchen you'll find fresh garlic, Parmesan, crushed red pepper, etc. They have drinks but you can also BYOB.



Tip: After enjoying your pizza, be sure to walk across the street for some delicious gelato!!",11/9/2010 2:12,0,1,2,3,3,7,8/28/2010,5,1,NA,1,NA,NA
019ac5d57f3fd308444a0647c95fdab0,7504098,"Atmosphere: 4 stars = picnic table seating with full open kitchen views, BYOB and parking



Service: 1 star = on a Monday around 4ish two cashiers are more interested in complaining about not being able to wear shorts to work than helping me translate the menu



Food: 1 stars = Where do I begin?

1- you cant pick out your toppings and are basically at the mercy of the menu...cant even split toppings

2- pizza was bland and crust was burned

3- mediocre at best



Pros: veggies were fresh and pizza too hot

Overall it was nice to try a new place but it wasn't worth $20 so I wont be back again",8/19/2010 21:31,0,1,2,3,5,3,11/7/2010,5,1,26,1,NA,144
019ac5d57f3fd308444a0647c95fdab0,487880,"The first time I've dined at Antico was back in 2009 as a college student. I remember feeling a tinge of jealousy that Georgia Tech kids get to party with authentic Neapolitan pizza, while the rest of us are stuck with your bland, run-of-the-mill delivery pizza.



Many years have gone by, and I still remember this place fondly. Upon my most recent visit, I learned that 1) most of their pizza costs over $20, 2) they have expanded their dining area by opening up the kitchen, and 3) they don't have dry oregano sprigs and peperonata on the table for you to garnish your pizza with anymore. Simultaneously, I was ecstatic to see that Antico is still thriving and that their pizza is still excellent. The quality of the ingredients is superb: the sauce made using the San Marzano tomatoes is pleasantly acidic, the crust is perfectly charred, and the bufala mozzarella is creamy. If this doesn't make you salivate, I don't know what will.



Although they offer various different pizzas, I only order Margheriat D.O.P. As the famous saying goes, less is more. If you can handle spice, I would recommend Diavola; the addition of soppressata and peperonata packs a punch and flavor.



In my experience, it is absolutely the best to eat their pizza right out of the oven, piping hot. So I would recommend dining in, rather than doing a take-out. No matter the day, they are extremely busy. However, with the glorious Acunto Napoli brick ovens sitting in their kitchen, they are capable of popping out their pizza really quickly - so the wait won't be bad at all.",8/1/2009 23:24,0,1,2,3,5,3,11/7/2010,5,1,26,1,NA,144
013e43ae20d2d1dc599f1e7f7fd9f768,4423285,"Antico is hands down, the best pizza place in Atlanta. It's my family's favorite pizza restaurant to eat at and we come here every time my brother and I are back in town. I've had the Margherita and the Sophia and they are both delicious. I judge a pizza place by their Margherita because it's a simple pizza that should be done right and Antico did a great job with the Margherita. The Sophia, which is bufala, cipollini onions, roasted mushrooms, and white truffle oil, has a ton of flavor and is a great pizza for vegetarians.



I've also been to the Alpharetta location and I thought it was just as good. The Avalon is a fun area to walk around, so I think it's a great location for the restaurant.",6/30/2010 17:42,0,1,2,3,4,3,6/13/2010,5,0,30,1,2,86
013e43ae20d2d1dc599f1e7f7fd9f768,2293607,"Best pizza I have ever had, period. We got the lasagna pizza, the spinach/brocolli pizza, and a pepperoni with peppers pizza (I don't remember the actual unique names they give them). They all were absolutely delicious, the pizza is of true Italian origin. Light sauce, cheese is spread out not just thrown all over the pizza, same goes for the other toppings. Crust was amazing, it's baked in a wood oven so the slight smoked charcoal taste on the crust was absolutely amazing.



The atmosphere is great, it definitely has the small pizzeria feel too it. It can get busy and you might end up without a place to sit, the place is small so it can get loud when it's busy.



Price, this is where I take off one star. It is expensive!!! The pizza is really good like I said, but does $24+ a pizza warrant that, i'm not so sure it does. The ingredients are fresh, but I don't think they throw $20+ worth of it on the pizza.



Would I go back? Yes, but only if it's a work outing and the company is paying, cause if you get two pizzas you're looking at $50! Ah! The pizza is absolutely delicious though, if you haven't been, go and splurge at least one here.",1/18/2010 16:44,0,1,2,3,4,3,6/13/2010,5,0,30,1,2,86
013e43ae20d2d1dc599f1e7f7fd9f768,11495501,"Best pizza I've ever had. Been around the world, across Italy, from Rome to Naples, Amalfi, Capri San Marino, Pisa, Cinque Terre, Verona, Milan, Venice and more; and never and NOWHERE have we had pizza as good as Antico's. The quality of the ingredients, the dough, the toppings, the ambiance. I don't even really like pizza and I can't get enough of Antico. Free parking if you can find a spot. The line may be long, but it moves quickly. Service is fast. They have beer and wine. Eat your pizza anywhere-- inside, outside by Amalfi bar and gelato place across the street, on a stoop or in your car.

--- you're welcome!",10/5/2010 12:49,0,1,2,3,4,3,6/13/2010,5,0,30,1,2,86
0142da7468f6292ffce8c10f13e4c682,4636641,"My first time here and ordered the Margherita pizza with pepperoni as well as the Sophia. We sat across the street at the cafe and the pizza was out in a flash it seemed! Atmosphere was fun and the patio was busy. I enjoyed the Margherita pizza but the Sophia was not my favorite. $27 for a pizza seems like a lot too.



After pizza, I ordered gelato- Peanut Butter Cup. It was smooth and creamy, very good! Also ordered Caramel Cheesecake. The cheesecake was very dense and rich, only a few bites and we were done.



We were a party of 4 and took home half a pizza and the cheesecake.",3/27/2010 16:36,0,1,2,3,6,2,6/2/2010,5,0,42,NA,2,39
01895aed1d41234a5f7ab49686d2dd02,17330008,"An authentic, hidden gem in Atlanta. This is my favorite pizza place! Why spend $20 on dominos when you can get this authentic Italian pizza for the same price??



Food: This pizza is rustic, wholesome and so satisfying. The San Gennaro is a classic if you like meat and a little spice. For something a little more mild, I love the Pomodorini. You truly cannot go wrong.



Environment: So fast! Moments after sitting down you'll have your pizza. Order to-go or take a seat. There's extra seating in the back. Also hidden in the back by the kitchen you'll find fresh garlic, Parmesan, crushed red pepper, etc. They have drinks but you can also BYOB.



Tip: After enjoying your pizza, be sure to walk across the street for some delicious gelato!!",11/9/2010 2:12,0,1,2,3,3,7,8/28/2010,5,1,NA,1,NA,NA
019ac5d57f3fd308444a0647c95fdab0,7504098,"Atmosphere: 4 stars = picnic table seating with full open kitchen views, BYOB and parking



Service: 1 star = on a Monday around 4ish two cashiers are more interested in complaining about not being able to wear shorts to work than helping me translate the menu



Food: 1 stars = Where do I begin?

1- you cant pick out your toppings and are basically at the mercy of the menu...cant even split toppings

2- pizza was bland and crust was burned

3- mediocre at best



Pros: veggies were fresh and pizza too hot

Overall it was nice to try a new place but it wasn't worth $20 so I wont be back again",8/19/2010 21:31,0,1,2,3,5,3,11/7/2010,5,1,26,1,NA,144
019ac5d57f3fd308444a0647c95fdab0,487880,"The first time I've dined at Antico was back in 2009 as a college student. I remember feeling a tinge of jealousy that Georgia Tech kids get to party with authentic Neapolitan pizza, while the rest of us are stuck with your bland, run-of-the-mill delivery pizza.



Many years have gone by, and I still remember this place fondly. Upon my most recent visit, I learned that 1) most of their pizza costs over $20, 2) they have expanded their dining area by opening up the kitchen, and 3) they don't have dry oregano sprigs and peperonata on the table for you to garnish your pizza with anymore. Simultaneously, I was ecstatic to see that Antico is still thriving and that their pizza is still excellent. The quality of the ingredients is superb: the sauce made using the San Marzano tomatoes is pleasantly acidic, the crust is perfectly charred, and the bufala mozzarella is creamy. If this doesn't make you salivate, I don't know what will.



Although they offer various different pizzas, I only order Margheriat D.O.P. As the famous saying goes, less is more. If you can handle spice, I would recommend Diavola; the addition of soppressata and peperonata packs a punch and flavor.



In my experience, it is absolutely the best to eat their pizza right out of the oven, piping hot. So I would recommend dining in, rather than doing a take-out. No matter the day, they are extremely busy. However, with the glorious Acunto Napoli brick ovens sitting in their kitchen, they are capable of popping out their pizza really quickly - so the wait won't be bad at all.",8/1/2009 23:24,0,1,2,3,5,3,11/7/2010,5,1,26,1,NA,144
013e43ae20d2d1dc599f1e7f7fd9f768,4423285,"Antico is hands down, the best pizza place in Atlanta. It's my family's favorite pizza restaurant to eat at and we come here every time my brother and I are back in town. I've had the Margherita and the Sophia and they are both delicious. I judge a pizza place by their Margherita because it's a simple pizza that should be done right and Antico did a great job with the Margherita. The Sophia, which is bufala, cipollini onions, roasted mushrooms, and white truffle oil, has a ton of flavor and is a great pizza for vegetarians.



I've also been to the Alpharetta location and I thought it was just as good. The Avalon is a fun area to walk around, so I think it's a great location for the restaurant.",6/30/2010 17:42,0,1,2,3,4,3,6/13/2010,5,0,30,1,2,86
013e43ae20d2d1dc599f1e7f7fd9f768,2293607,"Best pizza I have ever had, period. We got the lasagna pizza, the spinach/brocolli pizza, and a pepperoni with peppers pizza (I don't remember the actual unique names they give them). They all were absolutely delicious, the pizza is of true Italian origin. Light sauce, cheese is spread out not just thrown all over the pizza, same goes for the other toppings. Crust was amazing, it's baked in a wood oven so the slight smoked charcoal taste on the crust was absolutely amazing.



The atmosphere is great, it definitely has the small pizzeria feel too it. It can get busy and you might end up without a place to sit, the place is small so it can get loud when it's busy.



Price, this is where I take off one star. It is expensive!!! The pizza is really good like I said, but does $24+ a pizza warrant that, i'm not so sure it does. The ingredients are fresh, but I don't think they throw $20+ worth of it on the pizza.



Would I go back? Yes, but only if it's a work outing and the company is paying, cause if you get two pizzas you're looking at $50! Ah! The pizza is absolutely delicious though, if you haven't been, go and splurge at least one here.",1/18/2010 16:44,0,1,2,3,4,3,6/13/2010,5,0,30,1,2,86
013e43ae20d2d1dc599f1e7f7fd9f768,11495501,"Best pizza I've ever had. Been around the world, across Italy, from Rome to Naples, Amalfi, Capri San Marino, Pisa, Cinque Terre, Verona, Milan, Venice and more; and never and NOWHERE have we had pizza as good as Antico's. The quality of the ingredients, the dough, the toppings, the ambiance. I don't even really like pizza and I can't get enough of Antico. Free parking if you can find a spot. The line may be long, but it moves quickly. Service is fast. They have beer and wine. Eat your pizza anywhere-- inside, outside by Amalfi bar and gelato place across the street, on a stoop or in your car.

--- you're welcome!",10/5/2010 12:49,0,1,2,3,4,3,6/13/2010,5,0,30,1,2,86
0142da7468f6292ffce8c10f13e4c682,4636641,"My first time here and ordered the Margherita pizza with pepperoni as well as the Sophia. We sat across the street at the cafe and the pizza was out in a flash it seemed! Atmosphere was fun and the patio was busy. I enjoyed the Margherita pizza but the Sophia was not my favorite. $27 for a pizza seems like a lot too.



After pizza, I ordered gelato- Peanut Butter Cup. It was smooth and creamy, very good! Also ordered Caramel Cheesecake. The cheesecake was very dense and rich, only a few bites and we were done.



We were a party of 4 and took home half a pizza and the cheesecake.",3/27/2010 16:36,0,1,2,3,6,2,6/2/2010,5,0,42,NA,2,39
01895aed1d41234a5f7ab49686d2dd02,17330008,"An authentic, hidden gem in Atlanta. This is my favorite pizza place! Why spend $20 on dominos when you can get this authentic Italian pizza for the same price??



Food: This pizza is rustic, wholesome and so satisfying. The San Gennaro is a classic if you like meat and a little spice. For something a little more mild, I love the Pomodorini. You truly cannot go wrong.



Environment: So fast! Moments after sitting down you'll have your pizza. Order to-go or take a seat. There's extra seating in the back. Also hidden in the back by the kitchen you'll find fresh garlic, Parmesan, crushed red pepper, etc. They have drinks but you can also BYOB.



Tip: After enjoying your pizza, be sure to walk across the street for some delicious gelato!!",11/9/2010 2:12,0,1,2,3,3,7,8/28/2010,5,1,NA,1,NA,NA
019ac5d57f3fd308444a0647c95fdab0,7504098,"Atmosphere: 4 stars = picnic table seating with full open kitchen views, BYOB and parking



Service: 1 star = on a Monday around 4ish two cashiers are more interested in complaining about not being able to wear shorts to work than helping me translate the menu



Food: 1 stars = Where do I begin?

1- you cant pick out your toppings and are basically at the mercy of the menu...cant even split toppings

2- pizza was bland and crust was burned

3- mediocre at best



Pros: veggies were fresh and pizza too hot

Overall it was nice to try a new place but it wasn't worth $20 so I wont be back again",8/19/2010 21:31,0,1,2,3,5,3,11/7/2010,5,1,26,1,NA,144
019ac5d57f3fd308444a0647c95fdab0,487880,"The first time I've dined at Antico was back in 2009 as a college student. I remember feeling a tinge of jealousy that Georgia Tech kids get to party with authentic Neapolitan pizza, while the rest of us are stuck with your bland, run-of-the-mill delivery pizza.



Many years have gone by, and I still remember this place fondly. Upon my most recent visit, I learned that 1) most of their pizza costs over $20, 2) they have expanded their dining area by opening up the kitchen, and 3) they don't have dry oregano sprigs and peperonata on the table for you to garnish your pizza with anymore. Simultaneously, I was ecstatic to see that Antico is still thriving and that their pizza is still excellent. The quality of the ingredients is superb: the sauce made using the San Marzano tomatoes is pleasantly acidic, the crust is perfectly charred, and the bufala mozzarella is creamy. If this doesn't make you salivate, I don't know what will.



Although they offer various different pizzas, I only order Margheriat D.O.P. As the famous saying goes, less is more. If you can handle spice, I would recommend Diavola; the addition of soppressata and peperonata packs a punch and flavor.



In my experience, it is absolutely the best to eat their pizza right out of the oven, piping hot. So I would recommend dining in, rather than doing a take-out. No matter the day, they are extremely busy. However, with the glorious Acunto Napoli brick ovens sitting in their kitchen, they are capable of popping out their pizza really quickly - so the wait won't be bad at all.",8/1/2009 23:24,0,1,2,3,5,3,11/7/2010,5,1,26,1,NA,144
